flex_myobrick_pwm,extend_myobrick_pwm,current_angle,current_angular_velocity,current_angular_acceleration,desired_angle,desired_angular_velocity,desired_angular_acceleration
5.5,-1.0,38.93209457397461,0.02329094521701336,2.1378490924835205,38.93983459472656,0.003893207758665085,-0.01024528406560421
2.5,-1.0,38.923160552978516,0.04562566429376602,2.0825247764587402,38.957000732421875,-0.03886377811431885,-2.097551107406616
5.5,-1.0,38.950687408447266,-0.02335924655199051,-2.1412642002105713,38.93209457397461,0.02329094521701336,2.1378490924835205
5.5,-1.0,38.9924201965332,-0.34738340973854065,-1.3305208683013916,38.98537063598633,-0.10982944071292877,-1.9213322401046753
2.5,-1.0,39.00248718261719,0.06693585216999054,-2.3659775257110596,39.058494567871094,0.14684906601905823,-0.36814719438552856
-1.0,4.5,39.044891357421875,-0.03886377811431885,0.09698868542909622,39.210933685302734,1.0838143825531006,8.275457382202148
5.5,-1.0,39.07591247558594,-0.11638642102479935,0.29096606373786926,38.9924201965332,-0.34738340973854065,-1.3305208683013916
5.5,-1.0,39.1329231262207,-0.47886455059051514,1.1973321437835693,39.09832763671875,0.047333210706710815,2.0818417072296143
-1.0,4.5,39.210933685302734,1.0838143825531006,8.275457382202148,40.91059112548828,6.063432216644287,11.210389137268066
-1.0,3.5,39.34750747680664,0.08346491307020187,6.382128715515137,41.81731033325195,9.509535789489746,15.77773666381836
5.5,-1.0,39.365020751953125,-0.8391570448875427,-0.09767170250415802,39.1329231262207,-0.47886455059051514,1.1973321437835693
3.5,-1.0,39.39897537231445,-0.26507964730262756,-1.5361095666885376,39.40585708618164,0.157094344496727,1.8024868965148926
3.5,-1.0,39.40585708618164,0.157094344496727,1.8024868965148926,39.465362548828125,0.2282649278640747,1.6290000677108765
-1.0,6.5,39.39994430541992,-0.047743022441864014,2.315434217453003,39.7292594909668,2.2050583362579346,16.45870590209961
8.0,-1.0,39.467987060546875,0.0017758491449058056,2.191124677658081,39.39897537231445,-0.26507964730262756,-1.5361095666885376
8.0,-1.0,39.53166961669922,-0.15743586421012878,2.587958574295044,39.49745178222656,-0.29144418239593506,-3.6643965244293213
-1.0,3.5,39.5518684387207,-1.526069164276123,8.20920467376709,39.34750747680664,0.08346491307020187,6.382128715515137
5.5,-1.0,39.59158706665039,-0.9662668704986572,-1.9787057638168335,39.365020751953125,-0.8391570448875427,-0.09767170250415802
8.0,-1.0,39.63474655151367,-0.19520680606365204,0.4904075860977173,39.53166961669922,-0.15743586421012878,2.587958574295044
7.0,-1.0,39.644649505615234,-0.00020490567840170115,0.0013660378754138947,39.64107131958008,-0.21112114191055298,-3.867253065109253
7.0,-1.0,39.64107131958008,-0.21112114191055298,-3.867253065109253,39.65788650512695,0.18639586865901947,3.927358865737915
7.0,-1.0,39.67228317260742,-0.06939472258090973,0.17348679900169373,39.644649505615234,-0.00020490567840170115,0.0013660378754138947
7.0,-1.0,39.749114990234375,-0.261527955532074,0.653649091720581,39.74824905395508,-0.039683397859334946,0.09972076117992401
3.0,3.0,39.7440071105957,0.19063058495521545,1.7205246686935425,39.7812385559082,0.09760340303182602,-0.24588680267333984
-1.0,6.5,39.7292594909668,2.2050583362579346,16.45870590209961,42.83317184448242,10.485433578491211,13.337310791015625
3.0,3.0,39.77277755737305,-0.32054078578948975,-1.3954076766967773,39.7440071105957,0.19063058495521545,1.7205246686935425
3.0,3.0,39.7812385559082,0.09760340303182602,-0.24588680267333984,39.830894470214844,0.19343096017837524,1.7157435417175293
9.5,-1.0,39.882320404052734,-0.5944313406944275,-2.907611608505249,39.59158706665039,-0.9662668704986572,-1.9787057638168335
7.5,-1.0,39.87385559082031,-0.13373510539531708,4.730588912963867,39.77277755737305,-0.32054078578948975,-1.3954076766967773
7.5,-1.0,40.001766204833984,-0.6735249757766724,1.6836416721343994,39.87385559082031,-0.13373510539531708,4.730588912963867
5.5,-1.0,40.010284423828125,-0.03531207889318466,2.2874302864074707,39.97173309326172,-0.15873359143733978,0.39820003509521484
7.0,-1.0,40.11994171142578,0.1299102008342743,1.873520851135254,40.010284423828125,-0.03531207889318466,2.2874302864074707
7.0,-1.0,40.14407730102539,-0.15026415884494781,-4.018200397491455,40.119873046875,-0.08961208164691925,0.22266416251659393
6.0,-1.0,40.16204071044922,-0.19507020711898804,-3.9068682193756104,40.14407730102539,-0.15026415884494781,-4.018200397491455
6.0,-1.0,40.203453063964844,-0.07888868451118469,2.393298387527466,40.16204071044922,-0.19507020711898804,-3.9068682193756104
7.5,-1.0,40.36808776855469,-1.1496574878692627,0.6761887073516846,40.001766204833984,-0.6735249757766724,1.6836416721343994
6.5,-1.0,40.360130310058594,-0.9099177718162537,0.0778641551733017,40.203453063964844,-0.07888868451118469,2.393298387527466
9.0,-1.0,40.522369384765625,-3.5130395889282227,6.5829362869262695,39.5518684387207,-1.526069164276123,8.20920467376709
3.0,3.0,40.52002716064453,-0.21105284988880157,-1.6686152219772339,40.50693130493164,-0.1785411387681961,-3.9498984813690186
-1.0,8.0,40.53533172607422,0.18987925350666046,3.9177966117858887,41.13865661621094,3.735635280609131,19.22698211669922
-1.0,5.0,40.52436447143555,1.3162457942962646,16.48534393310547,42.660308837890625,7.18201208114624,8.41069507598877
6.5,-1.0,40.61366653442383,-0.8846461176872253,2.2129812240600586,40.360130310058594,-0.9099177718162537,0.0778641551733017
3.0,3.0,40.5579948425293,-0.08653849363327026,0.21515095233917236,40.52002716064453,-0.21105284988880157,-1.6686152219772339
3.0,3.0,40.590965270996094,-0.6083649396896362,-5.072781562805176,40.5579948425293,-0.08653849363327026,0.21515095233917236
7.5,-1.0,40.7789192199707,-2.396371841430664,-0.5996906161308289,40.36808776855469,-1.1496574878692627,0.6761887073516846
3.0,3.0,40.76176834106445,-0.5957291126251221,1.4903472661972046,40.590965270996094,-0.6083649396896362,-5.072781562805176
-1.0,4.5,40.91059112548828,6.063432216644287,11.210389137268066,43.90388107299805,8.02827262878418,4.09743070602417
6.5,-1.0,41.101806640625,-1.6658148765563965,1.9670944213867188,40.61366653442383,-0.8846461176872253,2.2129812240600586
3.0,3.0,41.10529327392578,-1.6743525266647339,1.9896341562271118,40.76176834106445,-0.5957291126251221,1.4903472661972046
-1.0,8.0,41.13865661621094,3.735635280609131,19.22698211669922,43.64458465576172,10.43420696258545,17.856163024902344
-1.0,4.0,41.37302780151367,-0.3660981357097626,0.9152453541755676,41.54388427734375,1.4038771390914917,7.476325035095215
5.0,-1.0,41.534690856933594,-0.5506498217582703,-0.8209887146949768,41.37302780151367,-0.3660981357097626,0.9152453541755676
-1.0,8.0,41.52204132080078,-0.9582072496414185,0.20012454688549042,41.87083435058594,3.003507375717163,16.662246704101562
-1.0,4.0,41.54388427734375,1.4038771390914917,7.476325035095215,42.49785232543945,4.072705268859863,9.594367027282715
3.0,3.0,41.694217681884766,-3.1468729972839355,5.667690753936768,41.10529327392578,-1.6743525266647339,1.9896341562271118
5.0,-1.0,41.7171745300293,-1.0067698955535889,2.5189738273620605,41.534690856933594,-0.5506498217582703,-0.8209887146949768
9.0,-1.0,41.83419418334961,-6.572622776031494,12.03957462310791,40.522369384765625,-3.5130395889282227,6.5829362869262695
-1.0,3.5,41.81731033325195,9.509535789489746,15.77773666381836,44.71490478515625,9.516502380371094,-4.016834259033203
7.5,-1.0,41.85986328125,-4.219758987426758,6.157415390014648,40.7789192199707,-2.396371841430664,-0.5996906161308289
6.5,-1.0,41.907047271728516,-3.0195584297180176,3.152815341949463,41.101806640625,-1.6658148765563965,1.9670944213867188
5.5,-1.0,41.891944885253906,-1.4438337087631226,1.4118001461029053,41.52204132080078,-0.9582072496414185,0.20012454688549042
-1.0,8.0,41.87083435058594,3.003507375717163,16.662246704101562,44.15025329589844,9.60966682434082,19.918880462646484
5.0,-1.0,42.19329833984375,-1.5380220413208008,1.6460756063461304,41.7171745300293,-1.0067698955535889,2.5189738273620605
6.5,-1.0,42.28599166870117,-4.626223564147949,4.971694469451904,41.13304901123047,-2.183065176010132,3.2614152431488037
5.5,-1.0,42.370994567871094,-1.7624620199203491,8.801382064819336,41.891944885253906,-1.4438337087631226,1.4118001461029053
-1.0,4.0,42.49785232543945,4.072705268859863,9.594367027282715,44.55669021606445,5.2978363037109375,-2.255328416824341
-1.0,5.0,42.660308837890625,7.18201208114624,8.41069507598877,45.25057601928711,9.056283950805664,5.92382287979126
6.5,-1.0,42.84949493408203,-3.398224115371704,6.298117637634277,41.907047271728516,-3.0195584297180176,3.152815341949463
-1.0,6.5,42.83317184448242,10.485433578491211,13.337310791015625,46.63284683227539,13.510797500610352,5.773559093475342
5.0,-1.0,42.979774475097656,-2.405456066131592,3.8167097568511963,42.19329833984375,-1.5380220413208008,1.6460756063461304
3.0,3.0,43.40277099609375,-7.198267936706543,22.39072608947754,41.694217681884766,-3.1468729972839355,5.667690753936768
5.5,-1.0,43.3624382019043,-3.1424334049224854,5.659494876861572,42.370994567871094,-1.7624620199203491,8.801382064819336
-1.0,8.0,43.64458465576172,10.43420696258545,17.856163024902344,49.230377197265625,15.366491317749023,5.530404090881348
5.0,-1.0,43.781497955322266,-2.8716163635253906,2.786034107208252,42.979774475097656,-2.405456066131592,3.8167097568511963
-1.0,4.5,43.90388107299805,8.02827262878418,4.09743070602417,46.314781188964844,8.153470039367676,3.7859737873077393
7.5,-1.0,43.9825439453125,-7.5489983558654785,7.886819362640381,41.85986328125,-4.219758987426758,6.157415390014648
3.0,3.0,44.15025329589844,9.60966682434082,19.918880462646484,48.245426177978516,7.94111967086792,-19.853994369506836
6.5,-1.0,44.4393196105957,-4.516325950622559,2.499849319458008,42.84949493408203,-3.398224115371704,6.298117637634277
5.5,-1.0,44.44512939453125,-4.091419696807861,3.637075662612915,43.3624382019043,-3.1424334049224854,5.659494876861572
-1.0,4.0,44.55669021606445,5.2978363037109375,-2.255328416824341,45.15628433227539,5.995949745178223,6.981136322021484
6.0,-1.0,44.68546676635742,-8.427701950073242,14.47658634185791,42.28599166870117,-4.626223564147949,4.971694469451904
-1.0,3.5,44.71490478515625,9.516502380371094,-4.016834259033203,47.659664154052734,6.329331398010254,-4.836456775665283
-1.0,3.5,44.809207916259766,0.4915687143802643,16.34600830078125,45.89551544189453,3.708656072616577,3.911649227142334
5.0,-1.0,45.027950286865234,-3.5708229541778564,0.13728679716587067,43.781497955322266,-2.8716163635253906,2.786034107208252
-1.0,4.0,45.15628433227539,5.995949745178223,6.981136322021484,48.727413177490234,5.857228755950928,-3.655517339706421
9.0,-1.0,45.26400375366211,-12.730242729187012,12.05050277709961,41.83419418334961,-6.572622776031494,12.03957462310791
-1.0,5.0,45.25057601928711,9.056283950805664,5.92382287979126,48.89875030517578,9.164201736450195,1.257437825202942
-1.0,3.5,45.772674560546875,-8.508981704711914,25.665802001953125,44.809207916259766,0.4915687143802643,16.34600830078125
5.5,-1.0,45.875511169433594,-5.030502796173096,3.787339925765991,44.4393196105957,-4.516325950622559,2.499849319458008
-1.0,3.5,45.89551544189453,3.708656072616577,3.911649227142334,47.12285232543945,4.155692100524902,0.5949094891548157
5.0,-1.0,46.12563705444336,-3.4588077068328857,4.24906063079834,45.027950286865234,-3.5708229541778564,0.13728679716587067
3.0,3.0,46.20207595825195,-12.438867568969727,9.124449729919434,43.40277099609375,-7.198267936706543,22.39072608947754
5.5,-1.0,46.267086029052734,-5.130701541900635,6.2318644523620605,44.44512939453125,-4.091419696807861,3.637075662612915
-1.0,4.5,46.314781188964844,8.153470039367676,3.7859737873077393,48.674869537353516,7.746595859527588,-1.787460446357727
7.5,-1.0,46.48158645629883,-9.402029037475586,1.5333775281906128,43.9825439453125,-7.5489983558654785,7.886819362640381
-1.0,6.5,46.63284683227539,13.510797500610352,5.773559093475342,52.17549133300781,13.936386108398438,-1.8803510665893555
-1.0,3.5,47.12285232543945,4.155692100524902,0.5949094891548157,48.9976921081543,4.96192741394043,0.7786415815353394
6.0,-1.0,47.59638214111328,-11.09072494506836,5.751019477844238,44.68546676635742,-8.427701950073242,14.47658634185791
5.0,-1.0,47.737972259521484,-4.413053512573242,0.04781132563948631,46.12563705444336,-3.4588077068328857,4.24906063079834
-1.0,3.5,47.659664154052734,6.329331398010254,-4.836456775665283,49.26359176635742,4.956395149230957,-3.5995097160339355
5.5,-1.0,48.0068359375,-5.744598865509033,3.3734304904937744,45.875511169433594,-5.030502796173096,3.787339925765991
3.0,3.0,48.245426177978516,7.94111967086792,-19.853994369506836,49.792022705078125,3.8549587726593018,-14.030574798583984
5.5,-1.0,48.61677169799805,-6.829984188079834,3.8925247192382812,46.267086029052734,-5.130701541900635,6.2318644523620605
-1.0,4.0,48.727413177490234,5.857228755950928,-3.655517339706421,50.54362869262695,5.930858135223389,-3.8412983417510986
3.0,3.0,48.674869537353516,7.746595859527588,-1.787460446357727,51.004722595214844,7.854580879211426,0.14138491451740265
-1.0,5.0,48.89875030517578,9.164201736450195,1.257437825202942,51.703636169433594,9.403053283691406,-1.5340604782104492
-1.0,3.5,48.9976921081543,4.96192741394043,0.7786415815353394,50.34101104736328,4.460113525390625,-0.16119246184825897
-1.0,3.5,49.11557388305664,-14.449196815490723,5.359649658203125,45.772674560546875,-8.508981704711914,25.665802001953125
-1.0,8.0,49.230377197265625,15.366491317749023,5.530404090881348,54.275291442871094,17.036334991455078,1.3551095724105835
-1.0,3.5,49.26359176635742,4.956395149230957,-3.5995097160339355,51.142822265625,4.652861595153809,-0.6440868377685547
5.0,-1.0,49.56148147583008,-4.3575239181518555,2.1057472229003906,47.737972259521484,-4.413053512573242,0.04781132563948631
3.0,3.0,49.792022705078125,3.8549587726593018,-14.030574798583984,50.76060485839844,1.8728379011154175,-2.48345685005188
7.5,-1.0,50.284759521484375,-9.022542953491211,-8.206472396850586,46.48158645629883,-9.402029037475586,1.5333775281906128
-1.0,3.5,50.34101104736328,4.460113525390625,-0.16119246184825897,52.13692092895508,4.584354877471924,-0.47469815611839294
5.5,-1.0,50.42219543457031,-6.729238986968994,-0.7561019659042358,48.0068359375,-5.744598865509033,3.3734304904937744
-1.0,4.0,50.54362869262695,5.930858135223389,-3.8412983417510986,52.91518020629883,6.154546737670898,4.390445709228516
5.5,-1.0,50.81423568725586,-8.148825645446777,4.991502285003662,48.61677169799805,-6.829984188079834,3.8925247192382812
3.0,3.0,50.76060485839844,1.8728379011154175,-2.48345685005188,51.180419921875,0.823447585105896,-2.057935953140259
5.0,-1.0,50.937164306640625,-4.7207536697387695,0.8155245780944824,49.56148147583008,-4.3575239181518555,2.1057472229003906
3.0,3.0,51.004722595214844,7.854580879211426,0.14138491451740265,54.41168975830078,4.830104827880859,-14.274412155151367
9.0,-1.0,51.091793060302734,-17.192201614379883,1.23284912109375,45.26400375366211,-12.730242729187012,12.05050277709961
-1.0,3.5,51.142822265625,4.652861595153809,-0.6440868377685547,52.961612701416016,4.500343322753906,-0.26432833075523376
3.0,3.0,51.180419921875,0.823447585105896,-2.057935953140259,51.309505462646484,0.2809256911277771,-0.703509509563446
3.0,3.0,51.309505462646484,0.2809256911277771,-0.703509509563446,51.40751266479492,0.2557222843170166,-0.6399887204170227
3.0,3.0,51.40751266479492,0.2557222843170166,-0.6399887204170227,51.43980407714844,-0.044942643493413925,-2.083890676498413
3.0,3.0,51.43021011352539,-0.02069547399878502,0.05327547714114189,51.45778274536133,0.1300467997789383,-0.32443398237228394
9.0,-1.0,51.547359466552734,-13.27761459350586,-8.554811477661133,46.20207595825195,-12.438867568969727,9.124449729919434
3.0,3.0,51.45778274536133,0.1300467997789383,-0.32443398237228394,51.43796920776367,-0.4798890948295593,-5.393117427825928
3.0,3.0,51.46403121948242,0.3339962363243103,1.361256718635559,51.471580505371094,-0.12430944293737411,-4.084453105926514
-1.0,3.5,51.488956451416016,0.4915004074573517,7.562385559082031,52.213932037353516,2.6341307163238525,6.596596717834473
-1.0,5.0,51.703636169433594,9.403053283691406,-1.5340604782104492,55.423458099365234,9.112223625183105,-3.0046002864837646
-1.0,3.5,52.13692092895508,4.584354877471924,-0.47469815611839294,53.48112487792969,4.519946098327637,-0.314188688993454
-1.0,9.5,52.213932037353516,2.6341307163238525,6.596596717834473,54.23088073730469,7.040149211883545,15.361095428466797
-1.0,6.5,52.17549133300781,13.936386108398438,-1.8803510665893555,56.472957611083984,14.39879035949707,1.3585246801376343
7.5,-1.0,52.31814193725586,-12.567752838134766,0.657747209072113,47.59638214111328,-11.09072494506836,5.751019477844238
5.5,-1.0,52.43840026855469,-6.935715675354004,1.9595812559127808,50.42219543457031,-6.729238986968994,-0.7561019659042358
5.0,-1.0,52.883056640625,-4.5319671630859375,4.736736297607422,50.937164306640625,-4.7207536697387695,0.8155245780944824
-1.0,4.0,52.91518020629883,6.154546737670898,4.390445709228516,54.757789611816406,5.942332744598389,-3.8720343112945557
-1.0,3.5,52.961612701416016,4.500343322753906,-0.26432833075523376,54.20077896118164,4.2588276863098145,2.5367321968078613
7.5,-1.0,53.41859817504883,-4.9918437004089355,-11.688502311706543,50.284759521484375,-9.022542953491211,-8.206472396850586
7.5,-1.0,53.48112487792969,4.519946098327637,-0.314188688993454,54.49229049682617,0.23393398523330688,-13.772393226623535
-1.0,3.5,54.20077896118164,4.2588276863098145,2.5367321968078613,55.836666107177734,3.904340982437134,-0.9726189374923706
7.0,-1.0,54.23088073730469,7.040149211883545,15.361095428466797,56.12257766723633,4.068470478057861,-23.355148315429688
5.5,-1.0,54.25048828125,-9.268839836120605,1.2007472515106201,50.81423568725586,-8.148825645446777,4.991502285003662
-1.0,8.0,54.275291442871094,17.036334991455078,1.3551095724105835,61.46577072143555,17.956703186035156,-3.142911434173584
-1.0,5.0,54.41168975830078,4.830104827880859,-14.274412155151367,55.72268295288086,3.090728998184204,-1.1365435123443604
7.5,-1.0,54.49229049682617,0.23393398523330688,-13.772393226623535,53.41859817504883,-4.9918437004089355,-11.688502311706543
5.0,-1.0,54.83815383911133,-5.4644927978515625,-3.9177966117858887,52.883056640625,-4.5319671630859375,4.736736297607422
-1.0,4.0,54.757789611816406,5.942332744598389,-3.8720343112945557,57.68993377685547,5.863239288330078,0.7260491251945496
8.5,-1.0,55.20245361328125,-16.04302215576172,-1.6371963024139404,49.11557388305664,-14.449196815490723,5.359649658203125
5.5,-1.0,55.37849426269531,-8.133662223815918,4.952569961547852,52.43840026855469,-6.935715675354004,1.9595812559127808
-1.0,5.0,55.423458099365234,9.112223625183105,-3.0046002864837646,59.031742095947266,8.880850791931152,-2.425058603286743
-1.0,5.0,55.72268295288086,3.090728998184204,-1.1365435123443604,57.056556701660156,4.809955596923828,3.3577210903167725
3.0,3.0,55.836666107177734,3.904340982437134,-0.9726189374923706,56.84490966796875,2.7021594047546387,-6.757106304168701
7.5,-1.0,56.13181686401367,-13.312926292419434,0.32511699199676514,52.31814193725586,-12.567752838134766,0.657747209072113
-1.0,9.5,56.12257766723633,4.068470478057861,-23.355148315429688,56.78883361816406,3.5017013549804688,19.808914184570312
9.0,-1.0,56.289527893066406,-17.881914138793945,-1.4363887310028076,51.091793060302734,-17.192201614379883,1.23284912109375
9.0,-1.0,56.33114242553711,-8.537668228149414,-11.613370895385742,51.547359466552734,-13.27761459350586,-8.554811477661133
-1.0,6.5,56.472957611083984,14.39879035949707,1.3585246801376343,62.12265396118164,14.117249488830566,2.061009645462036
-1.0,6.0,56.84490966796875,2.7021594047546387,-6.757106304168701,57.751529693603516,3.2921512126922607,13.742341041564941
-1.0,9.5,56.78883361816406,3.5017013549804688,19.808914184570312,59.015716552734375,9.140603065490723,14.50424861907959
5.0,-1.0,56.9395751953125,-5.225026607513428,-2.319873809814453,54.83815383911133,-5.4644927978515625,-3.9177966117858887
6.5,-1.0,57.09208679199219,-9.561274528503418,-4.66331148147583,54.25048828125,-9.268839836120605,1.2007472515106201
-1.0,5.0,57.056556701660156,4.809955596923828,3.3577210903167725,59.49967575073242,6.611998558044434,3.245022773742676
-1.0,5.5,57.68993377685547,5.863239288330078,0.7260491251945496,59.47284698486328,5.80040168762207,-1.315152883529663
-1.0,6.0,57.751529693603516,3.2921512126922607,13.742341041564941,59.78518295288086,6.337698459625244,10.520540237426758
9.0,-1.0,58.449066162109375,-3.944878101348877,-18.70105743408203,56.33114242553711,-8.537668228149414,-11.613370895385742
5.0,-1.0,58.49761199951172,-4.945056915283203,-0.8209887146949768,56.9395751953125,-5.225026607513428,-2.319873809814453
5.5,-1.0,58.8829231262207,-9.424192428588867,-0.6113019585609436,55.37849426269531,-8.133662223815918,4.952569961547852
-1.0,9.0,59.031742095947266,8.880850791931152,-2.425058603286743,61.89727020263672,10.066367149353027,3.396653175354004
-1.0,9.5,59.015716552734375,9.140603065490723,14.50424861907959,64.4954605102539,15.875511169433594,10.845657348632812
9.0,-1.0,59.266544342041016,-0.7152574062347412,6.182004451751709,58.449066162109375,-3.944878101348877,-18.70105743408203
-1.0,5.5,59.47284698486328,5.80040168762207,-1.315152883529663,62.13361358642578,7.058624744415283,4.324875831604004
-1.0,5.0,59.49967575073242,6.611998558044434,3.245022773742676,62.39741134643555,7.717362403869629,2.6777756214141846
3.0,3.0,59.594154357910156,-0.6552883386611938,-2.754615306854248,59.266544342041016,-0.7152574062347412,6.182004451751709
5.0,-1.0,59.70560836791992,0.16481246054172516,1.7850699424743652,59.594154357910156,-0.6552883386611938,-2.754615306854248
3.0,-1.0,59.74183654785156,0.07424415647983551,2.012173652648926,59.73908233642578,0.08100604265928268,-0.20183208584785461
3.0,-1.0,59.762977600097656,0.021173587068915367,-2.2522549629211426,59.74183654785156,0.07424415647983551,2.012173652648926
3.0,-1.0,59.76579666137695,-0.42517927289009094,-3.330400228500366,59.762977600097656,0.021173587068915367,-2.2522549629211426
-1.0,6.0,59.78518295288086,6.337698459625244,10.520540237426758,62.0622444152832,8.335494995117188,5.525622844696045
3.0,-1.0,59.8928337097168,-0.522953450679779,3.5059361457824707,59.76579666137695,-0.42517927289009094,-3.330400228500366
8.5,-1.0,60.00603103637695,-15.967103958129883,-1.8291246891021729,55.20245361328125,-16.04302215576172,-1.6371963024139404
3.0,-1.0,60.11969757080078,-0.8706100583076477,2.1750736236572266,59.8928337097168,-0.522953450679779,3.5059361457824707
3.0,-1.0,60.67107391357422,-2.248976469039917,5.62158727645874,60.11969757080078,-0.8706100583076477,2.1750736236572266
6.5,-1.0,60.85652160644531,-9.08445930480957,5.133911609649658,57.09208679199219,-9.561274528503418,-4.66331148147583
5.0,-1.0,60.92667770385742,-4.645758152008057,0.6304264664649963,58.49761199951172,-4.945056915283203,-0.8209887146949768
7.5,-1.0,61.38646697998047,-12.167333602905273,-6.935032367706299,56.13181686401367,-13.312926292419434,0.32511699199676514
-1.0,7.0,61.364768981933594,-3.763639211654663,26.9860782623291,61.77341842651367,3.564504861831665,19.65386962890625
10.0,-1.0,61.46577072143555,17.956703186035156,-3.142911434173584,66.50586700439453,6.455007076263428,-42.50563430786133
3.0,-1.0,61.55046081542969,-4.667239189147949,7.272785663604736,60.67107391357422,-2.248976469039917,5.62158727645874
-1.0,7.0,61.77341842651367,3.564504861831665,19.65386962890625,64.85328674316406,9.707714080810547,13.084935188293457
5.0,-1.0,61.86213302612305,-4.567245006561279,-1.7621887922286987,60.92667770385742,-4.645758152008057,0.6304264664649963
-1.0,9.0,61.89727020263672,10.066367149353027,3.396653175354004,66.76908111572266,13.487335205078125,8.028887748718262
-1.0,5.5,62.13361358642578,7.058624744415283,4.324875831604004,64.49653625488281,8.402396202087402,7.559311866760254
-1.0,6.0,62.0622444152832,8.335494995117188,5.525622844696045,65.87115478515625,10.01944351196289,3.5158398151397705
-1.0,6.5,62.12265396118164,14.117249488830566,2.061009645462036,67.63641357421875,13.736295700073242,0.8185981512069702
5.0,-1.0,62.39741134643555,7.717362403869629,2.6777756214141846,64.14502716064453,4.007579326629639,-18.808292388916016
9.0,-1.0,63.39019012451172,-17.61594581604004,-6.495851516723633,56.289527893066406,-17.881914138793945,-1.4363887310028076
5.5,-1.0,63.46732711791992,-8.140902519226074,-14.805459976196289,58.8829231262207,-9.424192428588867,-0.6113019585609436
5.0,-1.0,63.4930305480957,-2.9317562580108643,-1.459611415863037,61.86213302612305,-4.567245006561279,-1.7621887922286987
3.0,-1.0,63.98046112060547,-8.1055908203125,13.669940948486328,61.55046081542969,-4.667239189147949,7.272785663604736
-1.0,9.0,64.14453887939453,-1.9237569570541382,4.809819221496582,64.19377899169922,2.567194938659668,15.553707122802734
5.0,-1.0,64.14502716064453,4.007579326629639,-18.808292388916016,64.30313110351562,-1.2215452194213867,-5.732919216156006
-1.0,9.0,64.19377899169922,2.567194938659668,15.553707122802734,66.0941390991211,7.923770904541016,15.34470272064209
5.0,-1.0,64.30313110351562,-1.2215452194213867,-5.732919216156006,63.4930305480957,-2.9317562580108643,-1.459611415863037
-1.0,5.5,64.49653625488281,8.402396202087402,7.559311866760254,68.05622100830078,8.951099395751953,-0.4077622890472412
-1.0,9.5,64.4954605102539,15.875511169433594,10.845657348632812,71.81922149658203,19.319360733032227,8.83280086517334
6.5,-1.0,64.58369445800781,-9.393832206726074,3.7105002403259277,60.85652160644531,-9.08445930480957,5.133911609649658
7.5,-1.0,64.855224609375,-9.63312816619873,-8.876513481140137,61.38646697998047,-12.167333602905273,-6.935032367706299
5.5,-1.0,64.94745635986328,-5.469342231750488,-3.9068682193756104,63.46732711791992,-8.140902519226074,-14.805459976196289
-1.0,7.0,64.85328674316406,9.707714080810547,13.084935188293457,65.9111328125,10.578426361083984,8.707124710083008
3.0,-1.0,65.06694030761719,-2.2523231506347656,-0.962373673915863,64.14453887939453,-1.9237569570541382,4.809819221496582
-1.0,7.0,65.3805160522461,-10.287357330322266,-2.848871946334839,61.364768981933594,-3.763639211654663,26.9860782623291
3.0,-1.0,65.73334503173828,-2.160457134246826,-3.386066198348999,65.06694030761719,-2.2523231506347656,-0.962373673915863
-1.0,9.5,65.87115478515625,10.01944351196289,3.5158398151397705,69.15796661376953,11.690107345581055,8.126900672912598
-1.0,7.0,65.9111328125,10.578426361083984,8.707124710083008,72.16835021972656,13.172737121582031,2.2215189933776855
-1.0,9.0,66.0941390991211,7.923770904541016,15.34470272064209,70.88845825195312,13.955476760864258,9.053757667541504
8.5,-1.0,66.26363372802734,-15.351396560668945,-1.171035885810852,60.00603103637695,-15.967103958129883,-1.8291246891021729
9.0,-1.0,66.4613037109375,-4.419986248016357,-6.531026840209961,64.94745635986328,-5.469342231750488,-3.9068682193756104
3.0,-1.0,66.53404998779297,-1.525386095046997,-11.567608833312988,65.73334503173828,-2.160457134246826,-3.386066198348999
3.0,-1.0,66.50586700439453,6.455007076263428,-42.50563430786133,66.53404998779297,-1.525386095046997,-11.567608833312988
-1.0,9.0,66.76908111572266,13.487335205078125,8.028887748718262,71.35018920898438,15.877389907836914,4.251451015472412
6.5,-1.0,67.45649719238281,-9.544404029846191,1.8895717859268188,64.58369445800781,-9.393832206726074,3.7105002403259277
4.0,-1.0,67.63641357421875,13.736295700073242,0.8185981512069702,70.86544036865234,8.080659866333008,-26.791074752807617
3.5,-1.0,68.04541015625,-13.653411865234375,3.3747963905334473,63.98046112060547,-8.1055908203125,13.669940948486328
5.5,-1.0,67.95491027832031,-2.660836696624756,-2.139556646347046,66.4613037109375,-4.419986248016357,-6.531026840209961
-1.0,5.5,68.05622100830078,8.951099395751953,-0.4077622890472412,71.73390197753906,9.425012588500977,0.6072038412094116
9.5,-1.0,68.2463607788086,-7.124775409698486,-6.359930515289307,64.855224609375,-9.63312816619873,-8.876513481140137
7.0,-1.0,68.37418365478516,-9.202109336853027,-3.363868236541748,65.3805160522461,-10.287357330322266,-2.848871946334839
9.0,-1.0,68.57369995117188,-17.171403884887695,-3.211555004119873,63.39019012451172,-17.61594581604004,-6.495851516723633
5.5,-1.0,68.68366241455078,-2.0655174255371094,0.7711283564567566,67.95491027832031,-2.660836696624756,-2.139556646347046
3.5,-1.0,69.15796661376953,11.690107345581055,8.126900672912598,73.45462799072266,7.5403923988342285,-25.440746307373047
4.0,-1.0,69.54227447509766,-2.4541895389556885,-0.4552321135997772,68.68366241455078,-2.0655174255371094,0.7711283564567566
4.0,-1.0,70.4643325805664,-1.9029932022094727,2.5609793663024902,69.54227447509766,-2.4541895389556885,-0.4552321135997772
6.5,-1.0,70.69659423828125,-4.021581172943115,-5.325498580932617,68.2463607788086,-7.124775409698486,-6.359930515289307
4.0,-1.0,70.86544036865234,8.080659866333008,-26.791074752807617,72.29254913330078,1.4366278648376465,-12.382108688354492
-1.0,9.0,70.88845825195312,13.955476760864258,9.053757667541504,77.47077178955078,17.494915008544922,8.997066497802734
7.0,-1.0,71.02552032470703,-7.700423717498779,-4.917394638061523,68.37418365478516,-9.202109336853027,-3.363868236541748
3.0,3.0,71.04304504394531,-0.49331042170524597,-0.9640812277793884,71.02483367919922,0.21125775575637817,3.864521026611328
-1.0,4.5,71.02483367919922,0.21125775575637817,3.864521026611328,71.17979431152344,1.362007975578308,11.975370407104492
4.0,-1.0,71.07450103759766,-1.8901865482330322,0.3305811583995819,70.4643325805664,-1.9029932022094727,2.5609793663024902
3.0,3.0,71.18167114257812,-0.1808634102344513,4.845677852630615,71.04304504394531,-0.49331042170524597,-0.9640812277793884
3.0,3.0,71.17979431152344,1.362007975578308,11.975370407104492,71.64887237548828,1.2881395816802979,-3.218043565750122
6.5,-1.0,71.33080291748047,-10.441207885742188,-4.658872127532959,67.45649719238281,-9.544404029846191,1.8895717859268188
3.0,3.0,71.44796752929688,-1.2860904932022095,5.410534381866455,71.18167114257812,-0.1808634102344513,4.845677852630615
-1.0,9.0,71.35018920898438,15.877389907836914,4.251451015472412,78.3170394897461,18.23568344116211,4.946423053741455
6.5,-1.0,71.64887237548828,1.2881395816802979,-3.218043565750122,71.66405487060547,-1.1670061349868774,-8.068843841552734
6.5,-1.0,71.66405487060547,-1.1670061349868774,-8.068843841552734,70.69659423828125,-4.021581172943115,-5.325498580932617
7.0,-1.0,71.73390197753906,9.425012588500977,0.6072038412094116,73.93225860595703,5.247600078582764,-21.905099868774414
4.0,-1.0,71.80451965332031,-1.737975835800171,-4.446453094482422,71.07450103759766,-1.8901865482330322,0.3305811583995819
4.0,-1.0,71.81922149658203,19.319360733032227,8.83280086517334,76.61897277832031,12.373468399047852,-37.5240364074707
3.0,3.0,71.94373321533203,-2.745189666748047,2.467747449874878,71.44796752929688,-1.2860904932022095,5.410534381866455
3.5,-1.0,72.18514251708984,-13.236291885375977,-10.854878425598145,68.04541015625,-13.653411865234375,3.3747963905334473
-1.0,7.0,72.16835021972656,13.172737121582031,2.2215189933776855,77.620361328125,13.605155944824219,-3.2535605430603027
8.5,-1.0,72.27751159667969,-14.565753936767578,1.2594869136810303,66.26363372802734,-15.351396560668945,-1.171035885810852
4.0,-1.0,72.33954620361328,-0.4386005997657776,-5.493521213531494,71.80451965332031,-1.737975835800171,-4.446453094482422
4.0,-1.0,72.29254913330078,1.4366278648376465,-12.382108688354492,72.33954620361328,-0.4386005997657776,-5.493521213531494
3.0,3.0,73.29302215576172,-3.0422003269195557,-14.369693756103516,71.94373321533203,-2.745189666748047,2.467747449874878
3.5,-1.0,73.45462799072266,7.5403923988342285,-25.440746307373047,74.77296447753906,1.6076557636260986,-6.2175211906433105
7.0,-1.0,73.61001586914062,-3.6147751808166504,-15.133649826049805,71.02552032470703,-7.700423717498779,-4.917394638061523
8.0,-1.0,73.89065551757812,-0.8008396625518799,-2.3936398029327393,73.29302215576172,-3.0422003269195557,-14.369693756103516
7.0,-1.0,73.93225860595703,5.247600078582764,-21.905099868774414,73.61001586914062,-3.6147751808166504,-15.133649826049805
3.5,-1.0,74.07510375976562,-1.0422868728637695,0.4063962697982788,73.89065551757812,-0.8008396625518799,-2.3936398029327393
3.5,-1.0,74.39445495605469,-0.7420659065246582,-0.34253397583961487,74.07510375976562,-1.0422868728637695,0.4063962697982788
3.5,-1.0,74.60594177246094,-0.6116775870323181,-0.6693585515022278,74.39445495605469,-0.7420659065246582,-0.34253397583961487
3.5,-1.0,74.8308334350586,-0.29472267627716064,-5.8534722328186035,74.60594177246094,-0.6116775870323181,-0.6693585515022278
3.5,-1.0,74.77296447753906,1.6076557636260986,-6.2175211906433105,74.8308334350586,-0.29472267627716064,-5.8534722328186035
9.0,-1.0,75.38563537597656,-16.843008041381836,-4.035958766937256,68.57369995117188,-17.171403884887695,-3.211555004119873
6.5,-1.0,75.58475494384766,-11.62795352935791,4.898952960968018,71.33080291748047,-10.441207885742188,-4.658872127532959
8.5,-1.0,76.60026550292969,-13.727348327636719,-7.431928634643555,72.27751159667969,-14.565753936767578,1.2594869136810303
4.0,-1.0,76.61897277832031,12.373468399047852,-37.5240364074707,79.01826477050781,3.299220323562622,-12.642680168151855
9.0,-1.0,76.80642700195312,-8.310154914855957,-18.775165557861328,72.18514251708984,-13.236291885375977,-10.854878425598145
-1.0,9.0,77.47077178955078,17.494915008544922,8.997066497802734,82.89459991455078,18.21758270263672,0.5993490815162659
-1.0,7.0,77.620361328125,13.605155944824219,-3.2535605430603027,80.44437408447266,14.015992164611816,-2.0811586380004883
-1.0,9.0,78.3170394897461,18.23568344116211,4.946423053741455,83.8622817993164,18.435091018676758,2.2522549629211426
9.0,-1.0,78.71121978759766,-2.964472770690918,-14.56059741973877,76.80642700195312,-8.310154914855957,-18.775165557861328
4.0,-1.0,79.01826477050781,3.299220323562622,-12.642680168151855,79.29662322998047,-0.03343377634882927,-10.901664733886719
9.0,-1.0,79.1432876586914,-0.08954378217458725,4.621647357940674,78.71121978759766,-2.964472770690918,-14.56059741973877
6.5,-1.0,79.18841552734375,-13.16645336151123,6.545711994171143,75.58475494384766,-11.62795352935791,4.898952960968018
-1.0,3.0,79.29662322998047,-0.03343377634882927,-10.901664733886719,79.1432876586914,-0.08954378217458725,4.621647357940674
-1.0,7.5,79.59288024902344,-6.047483444213867,34.89338684082031,79.7384262084961,3.9157814979553223,20.9727783203125
-1.0,10.0,79.7384262084961,3.9157814979553223,20.9727783203125,82.14808654785156,10.196277618408203,20.653467178344727
-1.0,7.0,80.44437408447266,14.015992164611816,-2.0811586380004883,88.78237915039062,13.825224876403809,0.5928604006767273
8.5,-1.0,81.70923614501953,-11.11862564086914,-18.344181060791016,76.60026550292969,-13.727348327636719,-7.431928634643555
9.0,-1.0,82.03006744384766,-16.09575080871582,-5.905040264129639,75.38563537597656,-16.843008041381836,-4.035958766937256
8.5,-1.0,82.14808654785156,10.196277618408203,20.653467178344727,85.6558609008789,4.283314228057861,-37.0732421875
-1.0,7.5,82.34341430664062,-12.924015998840332,3.7439682483673096,79.59288024902344,-6.047483444213867,34.89338684082031
-1.0,9.0,82.89459991455078,18.21758270263672,0.5993490815162659,90.34449768066406,18.70939064025879,1.5712850093841553
-1.0,9.0,83.8622817993164,18.435091018676758,2.2522549629211426,91.3663330078125,18.791080474853516,-0.8373811841011047
6.5,-1.0,84.84605407714844,-16.32408332824707,7.850619316101074,79.18841552734375,-13.16645336151123,6.545711994171143
8.5,-1.0,85.16866302490234,-4.606279373168945,-30.23383331298828,81.70923614501953,-11.11862564086914,-18.344181060791016
8.5,-1.0,85.6558609008789,4.283314228057861,-37.0732421875,85.16866302490234,-4.606279373168945,-30.23383331298828
9.0,-1.0,86.75480651855469,-14.724111557006836,-4.939934253692627,82.03006744384766,-16.09575080871582,-5.905040264129639
6.5,-1.0,87.87638854980469,-15.769847869873047,6.467164516448975,82.34341430664062,-12.924015998840332,3.7439682483673096
-1.0,7.0,88.78237915039062,13.825224876403809,0.5928604006767273,94.27066802978516,13.7279634475708,-1.356134057044983
6.5,-1.0,89.97647857666016,-18.822908401489258,9.703990936279297,84.84605407714844,-16.32408332824707,7.850619316101074
3.0,-1.0,90.34449768066406,18.70939064025879,1.5712850093841553,94.89371490478516,11.73074722290039,-33.718936920166016
-1.0,9.0,91.3663330078125,18.791080474853516,-0.8373811841011047,98.72981262207031,18.18052864074707,-3.7026455402374268
9.0,-1.0,92.2516860961914,-11.107731819152832,-7.388898849487305,86.75480651855469,-14.724111557006836,-4.939934253692627
-1.0,7.0,94.27066802978516,13.7279634475708,-1.356134057044983,98.20048522949219,13.13168716430664,2.3246548175811768
6.5,-1.0,94.72340393066406,-19.264549255371094,4.215592861175537,87.87638854980469,-15.769847869873047,6.467164516448975
9.0,-1.0,94.89371490478516,11.73074722290039,-33.718936920166016,97.01671600341797,1.3693846464157104,-27.592939376831055
9.0,-1.0,96.02471923828125,-5.598979473114014,-21.158559799194336,92.2516860961914,-11.107731819152832,-7.388898849487305
9.0,-1.0,97.01671600341797,1.3693846464157104,-27.592939376831055,96.02471923828125,-5.598979473114014,-21.158559799194336
6.5,-1.0,97.91632843017578,-19.99575424194336,1.6505151987075806,89.97647857666016,-18.822908401489258,9.703990936279297
-1.0,7.0,98.20048522949219,13.13168716430664,2.3246548175811768,100.7804946899414,12.833890914916992,-1.323007583618164
-1.0,9.0,98.72981262207031,18.18052864074707,-3.7026455402374268,104.24174499511719,18.4631290435791,2.183953046798706
6.5,-1.0,100.59583282470703,-19.663362503051758,3.0182604789733887,94.72340393066406,-19.264549255371094,4.215592861175537
-1.0,7.0,100.7804946899414,12.833890914916992,-1.323007583618164,107.23837280273438,12.729082107543945,1.1331284046173096
-1.0,4.5,102.79969024658203,-0.12413869053125381,-1.8844492435455322,102.83101654052734,0.4566664397716522,3.250828504562378
-1.0,4.5,102.83101654052734,0.4566664397716522,3.250828504562378,103.47520446777344,2.801367998123169,8.378251075744629
-1.0,4.5,103.47520446777344,2.801367998123169,8.378251075744629,104.55711364746094,3.8319411277770996,1.406677484512329
-1.0,9.0,104.24174499511719,18.4631290435791,2.183953046798706,111.52263641357422,18.058712005615234,-1.2027963399887085
-1.0,4.5,104.55711364746094,3.8319411277770996,1.406677484512329,106.4067611694336,4.920502662658691,3.0773417949676514
10.0,-1.0,105.93225860595703,-19.601276397705078,0.6604793071746826,97.91632843017578,-19.99575424194336,1.6505151987075806
-1.0,4.5,106.4067611694336,4.920502662658691,3.0773417949676514,108.32171630859375,4.96718692779541,2.964643716812134
-1.0,7.0,107.23837280273438,12.729082107543945,1.1331284046173096,112.43659210205078,12.91718578338623,-1.5326944589614868
-1.0,4.5,108.32171630859375,4.96718692779541,2.964643716812134,109.83271789550781,5.144908428192139,0.32477548718452454
10.0,-1.0,108.48194885253906,-19.38346290588379,2.3174831867218018,100.59583282470703,-19.663362503051758,3.0182604789733887
-1.0,4.5,109.83271789550781,5.144908428192139,0.32477548718452454,111.82592010498047,4.99563455581665,0.6939471960067749
-1.0,9.0,111.52263641357422,18.058712005615234,-1.2027963399887085,116.9137954711914,18.203956604003906,2.8314549922943115
10.0,-1.0,111.81216430664062,-19.35976219177246,2.25191330909729,105.93225860595703,-19.601276397705078,0.6604793071746826
-1.0,4.5,111.82592010498047,4.99563455581665,0.6939471960067749,113.73433685302734,4.8391547203063965,1.0853170156478882
-1.0,7.0,112.43659210205078,12.91718578338623,-1.5326944589614868,116.2131576538086,12.485039710998535,1.7492114305496216
-1.0,4.5,113.73433685302734,4.8391547203063965,1.0853170156478882,115.17460632324219,4.973709583282471,2.9479095935821533
10.0,-1.0,114.3063735961914,-19.003122329711914,-3.027139902114868,108.48194885253906,-19.38346290588379,2.3174831867218018
-1.0,4.5,115.17460632324219,4.973709583282471,2.9479095935821533,117.06372833251953,4.8652801513671875,3.218043565750122
-1.0,7.0,116.2131576538086,12.485039710998535,1.7492114305496216,119.90314483642578,12.488556861877441,1.743064284324646
-1.0,9.0,116.9137954711914,18.203956604003906,2.8314549922943115,124.0752182006836,17.65865135192871,-2.3968842029571533
-1.0,4.5,117.06372833251953,4.8652801513671875,3.218043565750122,118.48802185058594,4.600200653076172,-2.7156832218170166
-1.0,4.5,118.48802185058594,4.600200653076172,-2.7156832218170166,120.30343627929688,4.456493377685547,-0.1528254896402359
10.0,-1.0,119.6219253540039,-19.328393936157227,-0.02031981199979782,111.81216430664062,-19.35976219177246,2.25191330909729
-1.0,7.0,119.90314483642578,12.488556861877441,1.743064284324646,126.01054382324219,11.941680908203125,-1.2898812294006348
-1.0,4.5,120.30343627929688,4.456493377685547,-0.1528254896402359,121.20529174804688,4.3987956047058105,-2.2092247009277344
-1.0,4.5,121.20529174804688,4.3987956047058105,-2.2092247009277344,123.5751953125,4.84617280960083,1.0667047500610352
10.0,-1.0,121.74313354492188,-17.819725036621094,-1.5938246250152588,114.3063735961914,-19.003122329711914,-3.027139902114868
-1.0,4.5,123.5751953125,4.84617280960083,1.0667047500610352,124.98804473876953,4.8296098709106445,1.109564185142517
-1.0,9.0,124.0752182006836,17.65865135192871,-2.3968842029571533,131.31634521484375,18.232746124267578,2.757859706878662
-1.0,4.5,124.98804473876953,4.8296098709106445,1.109564185142517,126.89701080322266,4.451797962188721,-4.537977695465088
-1.0,7.0,126.01054382324219,11.941680908203125,-1.2898812294006348,129.69784545898438,12.611090660095215,3.6321239471435547
-1.0,4.5,126.89701080322266,4.451797962188721,-4.537977695465088,128.7342987060547,4.472851753234863,-2.391078472137451
10.0,-1.0,127.2859878540039,-18.713045120239258,2.8386266231536865,119.6219253540039,-19.328393936157227,-0.02031981199979782
10.0,-1.0,128.6870880126953,-16.2833251953125,-5.438538074493408,121.74313354492188,-17.819725036621094,-1.5938246250152588
-1.0,4.5,128.7342987060547,4.472851753234863,-2.391078472137451,130.09043884277344,4.378270626068115,0.03807830438017845
-1.0,7.0,129.69784545898438,12.611090660095215,3.6321239471435547,134.69187927246094,12.210687637329102,0.2337632179260254
-1.0,8.5,130.09043884277344,4.378270626068115,0.03807830438017845,132.04470825195312,5.644861221313477,10.053696632385254
-1.0,9.0,131.31634521484375,18.232746124267578,2.757859706878662,136.61134338378906,17.519487380981445,0.14889812469482422
-1.0,8.5,132.04470825195312,5.644861221313477,10.053696632385254,135.0428466796875,8.696435928344727,4.624038219451904
10.0,-1.0,132.9481658935547,-18.80576515197754,0.8751180171966553,127.2859878540039,-18.713045120239258,2.8386266231536865
10.0,-1.0,133.39541625976562,-14.6504487991333,-11.713262557983398,128.6870880126953,-16.2833251953125,-5.438538074493408
-1.0,10.0,134.69187927246094,12.210687637329102,0.2337632179260254,135.9148406982422,12.2295560836792,0.18868397176265717
-1.0,8.5,135.0428466796875,8.696435928344727,4.624038219451904,137.033447265625,10.312031745910645,7.181090354919434
-1.0,10.0,135.9148406982422,12.2295560836792,0.18868397176265717,143.1595916748047,12.794395446777344,7.565459251403809
6.0,-1.0,136.18992614746094,-7.574542999267578,-0.8396009802818298,133.23439025878906,-7.436488151550293,-3.3787238597869873
-1.0,9.0,136.61134338378906,17.519487380981445,0.14889812469482422,143.39544677734375,16.599220275878906,-4.145753860473633
3.0,-1.0,137.033447265625,10.312031745910645,7.181090354919434,142.88746643066406,11.057632446289062,-14.460535049438477
10.0,-1.0,138.62612915039062,-9.709694862365723,-17.47264862060547,133.39541625976562,-14.6504487991333,-11.713262557983398
6.0,-1.0,139.18789672851562,-7.3790974617004395,3.0655596256256104,136.18992614746094,-7.574542999267578,-0.8396009802818298
10.0,-1.0,140.5651092529297,-18.732084274291992,0.6850679516792297,132.9481658935547,-18.80576515197754,0.8751180171966553
10.0,-1.0,141.4187469482422,-2.62899112701416,-8.809748649597168,138.62612915039062,-9.709694862365723,-17.47264862060547
6.0,-1.0,141.43533325195312,-7.504158020019531,1.1816227436065674,139.18789672851562,-7.3790974617004395,3.0655596256256104
10.0,-1.0,141.98703002929688,-1.6324151754379272,4.081037998199463,141.4187469482422,-2.62899112701416,-8.809748649597168
3.0,3.0,142.90077209472656,-3.6971471309661865,13.637155532836914,141.98703002929688,-1.6324151754379272,4.081037998199463
3.0,3.0,142.88746643066406,11.057632446289062,-14.460535049438477,145.00306701660156,5.549306869506836,-13.870577812194824
-1.0,10.0,143.1595916748047,12.794395446777344,7.565459251403809,147.25035095214844,14.432804107666016,10.060014724731445
-1.0,9.0,143.39544677734375,16.599220275878906,-4.145753860473633,148.4426727294922,16.725460052490234,-2.2626709938049316
6.0,-1.0,144.4435577392578,-7.114717960357666,0.2079792618751526,141.43533325195312,-7.504158020019531,1.1816227436065674
-1.0,8.0,144.64776611328125,-0.5937654376029968,5.880280494689941,146.126953125,4.936741352081299,7.436368465423584
-1.0,8.0,144.8253173828125,-0.8181200623512268,10.834558486938477,144.64776611328125,-0.5937654376029968,5.880280494689941
3.0,3.0,145.00306701660156,5.549306869506836,-13.870577812194824,146.2616424560547,2.1827406883239746,-5.460224151611328
2.0,-1.0,145.41233825683594,-1.6264216899871826,6.2653326988220215,144.8253173828125,-0.8181200623512268,10.834558486938477
3.0,3.0,145.53616333007812,-5.671362400054932,-1.2017717361450195,142.90077209472656,-3.6971471309661865,13.637155532836914
2.0,-1.0,145.80027770996094,-2.3767521381378174,8.138340950012207,145.41233825683594,-1.6264216899871826,6.2653326988220215
5.5,-1.0,146.126953125,4.936741352081299,7.436368465423584,148.27816772460938,7.688521862030029,2.7505171298980713
10.0,-1.0,146.16310119628906,-18.225095748901367,-2.7764718532562256,140.5651092529297,-18.732084274291992,0.6850679516792297
3.0,3.0,146.2616424560547,2.1827406883239746,-5.460224151611328,146.77493286132812,0.8998603224754333,-2.2496936321258545
6.0,-1.0,146.58474731445312,-6.974579334259033,4.250085353851318,144.4435577392578,-7.114717960357666,0.2079792618751526
5.5,-1.0,146.65843200683594,-5.400750160217285,-4.072841644287109,145.53616333007812,-5.671362400054932,-1.2017717361450195
3.0,3.0,146.77493286132812,0.8998603224754333,-2.2496936321258545,146.9252471923828,0.52414870262146,0.8896321654319763
3.0,3.0,146.9252471923828,0.52414870262146,0.8896321654319763,147.0146484375,0.30042585730552673,1.446292519569397
-1.0,5.5,147.0146484375,0.30042585730552673,1.446292519569397,147.30227661132812,1.5588370561599731,7.091785430908203
-1.0,5.5,147.30227661132812,1.5588370561599731,7.091785430908203,148.0446014404297,2.998640775680542,3.48425030708313
-1.0,10.0,147.25035095214844,14.432804107666016,10.060014724731445,151.81350708007812,15.988875389099121,10.566302299499512
3.0,3.0,147.50808715820312,-4.009509086608887,1.233873724937439,145.80027770996094,-2.3767521381378174,8.138340950012207
-1.0,5.5,148.0446014404297,2.998640775680542,3.48425030708313,149.7896270751953,5.008423805236816,5.0598039627075195
5.5,-1.0,148.27816772460938,7.688521862030029,2.7505171298980713,149.50209045410156,0.23390837013721466,-20.36292839050293
-1.0,9.0,148.4426727294922,16.725460052490234,-2.2626709938049316,155.08607482910156,16.37657356262207,-1.3913094997406006
4.5,-1.0,148.72911071777344,-3.766115188598633,0.6276090145111084,147.50808715820312,-4.009509086608887,1.233873724937439
5.5,-1.0,148.8854522705078,-3.058140277862549,-9.930070877075195,146.65843200683594,-5.400750160217285,-4.072841644287109
6.0,-1.0,149.4276885986328,-6.611426830291748,-1.0515929460525513,146.58474731445312,-6.974579334259033,4.250085353851318
5.5,-1.0,149.50209045410156,0.23390837013721466,-20.36292839050293,148.8854522705078,-3.058140277862549,-9.930070877075195
-1.0,5.5,149.7896270751953,5.008423805236816,5.0598039627075195,150.8729705810547,5.596170425415039,3.5890936851501465
4.5,-1.0,149.85731506347656,-3.7303333282470703,0.535401463508606,148.72911071777344,-3.766115188598633,0.6276090145111084
-1.0,7.0,150.8729705810547,5.596170425415039,3.5890936851501465,152.63888549804688,6.015117168426514,2.5411717891693115
4.5,-1.0,151.0157928466797,-3.9896671772003174,-5.4066925048828125,149.85731506347656,-3.7303333282470703,0.535401463508606
-1.0,10.0,151.81350708007812,15.988875389099121,10.566302299499512,156.9320831298828,17.474807739257812,2.4598071575164795
6.0,-1.0,151.9705810546875,-6.3764424324035645,-1.6356595754623413,149.4276885986328,-6.611426830291748,-1.0515929460525513
-1.0,7.0,152.63888549804688,6.015117168426514,2.5411717891693115,156.1490020751953,7.786449909210205,2.5030934810638428
-1.0,2.5,152.8396453857422,-0.19939883053302765,4.897843360900879,153.11705017089844,0.8646336197853088,0.03637075796723366
4.5,-1.0,153.0824737548828,-3.0038914680480957,-7.869743824005127,151.0157928466797,-3.9896671772003174,-5.4066925048828125
-1.0,2.5,153.11705017089844,0.8646336197853088,0.03637075796723366,153.55780029296875,1.0811676979064941,-0.5062877535820007
-1.0,5.5,153.17721557617188,-1.9222970008850098,4.80845308303833,152.8396453857422,-0.19939883053302765,4.897843360900879
10.0,-1.0,153.32289123535156,-17.44753074645996,-4.718379974365234,146.16310119628906,-18.225095748901367,-2.7764718532562256
-1.0,2.5,153.55780029296875,1.0811676979064941,-0.5062877535820007,153.8686981201172,0.7436026930809021,-4.052863597869873
6.0,-1.0,153.94020080566406,-7.565407752990723,7.925751686096191,151.9705810546875,-6.3764424324035645,-1.6356595754623413
3.0,3.0,153.8662109375,-3.425356864929199,6.366077899932861,153.17721557617188,-1.9222970008850098,4.80845308303833
-1.0,2.5,153.8686981201172,0.7436026930809021,-4.052863597869873,154.0961456298828,0.3945031762123108,-0.9861939549446106
4.5,-1.0,153.96986389160156,-1.047802209854126,-3.9762799739837646,153.0824737548828,-3.0038914680480957,-7.869743824005127
4.5,-1.0,154.07464599609375,-0.6501742601394653,-2.768446445465088,153.96986389160156,-1.047802209854126,-3.9762799739837646
-1.0,2.5,154.0961456298828,0.3945031762123108,-0.9861939549446106,154.1694793701172,-0.008495047688484192,-2.1746468544006348
-1.0,2.5,154.18231201171875,-0.04069938883185387,-2.0962703227996826,154.1343231201172,-0.14018109440803528,-1.8455171585083008
-1.0,2.5,154.1694793701172,-0.008495047688484192,-2.1746468544006348,154.18231201171875,-0.04069938883185387,-2.0962703227996826
-1.0,9.0,155.08607482910156,16.37657356262207,-1.3913094997406006,161.80601501464844,17.154882431030273,3.2560365200042725
3.0,3.0,155.80130004882812,-6.944492340087891,-2.412081241607666,153.8662109375,-3.425356864929199,6.366077899932861
-1.0,7.0,156.1490020751953,7.786449909210205,2.5030934810638428,158.70254516601562,8.873448371887207,1.9869019985198975
-1.0,10.0,156.9320831298828,17.474807739257812,2.4598071575164795,168.47738647460938,19.812578201293945,-3.38948130607605
4.5,-1.0,157.4767303466797,-11.133148193359375,8.056036949157715,153.94020080566406,-7.565407752990723,7.925751686096191
-1.0,7.0,158.70254516601562,8.873448371887207,1.9869019985198975,161.5259246826172,9.725241661071777,4.249316692352295
3.0,3.0,159.23170471191406,-6.9513139724731445,-0.20063680410385132,155.80130004882812,-6.944492340087891,-2.412081241607666
4.5,-1.0,161.10052490234375,-14.26025676727295,7.08405876159668,157.4767303466797,-11.133148193359375,8.056036949157715
5.5,-1.0,161.2886199951172,-6.820199966430664,-2.7262699604034424,159.23170471191406,-6.9513139724731445,-0.20063680410385132
3.5,-1.0,161.5259246826172,9.725241661071777,4.249316692352295,166.75364685058594,10.279109954833984,-5.924377918243408
10.0,-1.0,161.68016052246094,-15.709349632263184,-6.872024059295654,153.32289123535156,-17.44753074645996,-4.718379974365234
-1.0,9.0,161.80601501464844,17.154882431030273,3.2560365200042725,167.08193969726562,18.24739646911621,11.509807586669922
5.5,-1.0,163.26809692382812,-6.714827060699463,1.4069335460662842,161.2886199951172,-6.820199966430664,-2.7262699604034424
-1.0,10.0,165.63671875,0.9864585995674133,23.901094436645508,167.8726043701172,8.360638618469238,18.65060043334961
5.5,-1.0,166.0039825439453,-6.523714542388916,3.1263482570648193,163.26809692382812,-6.714827060699463,1.4069335460662842
10.0,-1.0,166.23556518554688,-14.353702545166016,2.9225099086761475,161.68016052246094,-15.709349632263184,-6.872024059295654
-1.0,10.0,166.33299255371094,-1.6329360008239746,1.8891448974609375,165.63671875,0.9864585995674133,23.901094436645508
3.5,-1.0,166.75364685058594,10.279109954833984,-5.924377918243408,168.5660400390625,3.9901068210601807,-20.961593627929688
4.5,-1.0,167.11827087402344,-15.461631774902344,-3.0939903259277344,161.10052490234375,-14.26025676727295,7.08405876159668
-1.0,3.5,167.08193969726562,18.24739646911621,11.509807586669922,173.95118713378906,15.136714935302734,-18.067045211791992
3.5,-1.0,167.2088165283203,-1.6254868507385254,1.8637025356292725,166.33299255371094,-1.6329360008239746,1.8891448974609375
3.5,-1.0,167.73512268066406,-1.4030275344848633,3.5068752765655518,167.2088165283203,-1.6254868507385254,1.8637025356292725
3.5,-1.0,167.87542724609375,-1.75371515750885,-0.007470519281923771,167.73512268066406,-1.4030275344848633,3.5068752765655518
3.0,3.0,167.8726043701172,8.360638618469238,18.65060043334961,170.56138610839844,7.571307182312012,-18.926923751831055
5.5,-1.0,168.01870727539062,-6.72633171081543,-0.7595597505569458,166.0039825439453,-6.523714542388916,3.1263482570648193
3.5,-1.0,168.37930297851562,-1.4756666421890259,1.4918841123580933,167.87542724609375,-1.75371515750885,-0.007470519281923771
-1.0,10.0,168.47738647460938,19.812578201293945,-3.38948130607605,174.35011291503906,19.19327163696289,-6.2350873947143555
3.5,-1.0,168.5660400390625,3.9901068210601807,-20.961593627929688,169.17034912109375,-0.1572437584400177,-8.395967483520508
3.5,-1.0,169.10504150390625,-0.6531410813331604,-4.958973407745361,168.37930297851562,-1.4756666421890259,1.4918841123580933
3.5,-1.0,169.17034912109375,-0.1572437584400177,-8.395967483520508,169.10504150390625,-0.6531410813331604,-4.958973407745361
10.0,-1.0,170.59271240234375,-14.260244369506836,-6.097523212432861,166.23556518554688,-14.353702545166016,2.9225099086761475
3.0,3.0,170.56138610839844,7.571307182312012,-18.926923751831055,172.3720703125,3.2644143104553223,-8.159002304077148
5.5,-1.0,171.2346954345703,-5.977147579193115,-4.833233833312988,168.01870727539062,-6.72633171081543,-0.7595597505569458
5.5,-1.0,172.3817901611328,-4.889875411987305,-3.1575536727905273,171.2346954345703,-5.977147579193115,-4.833233833312988
3.0,3.0,172.3720703125,3.2644143104553223,-8.159002304077148,172.94107055664062,1.6221506595611572,-1.8587932586669922
3.0,3.0,172.94107055664062,1.6221506595611572,-1.8587932586669922,173.34083557128906,0.40275704860687256,-5.400075435638428
9.0,-1.0,173.15582275390625,-14.075990676879883,-6.559510707855225,167.11827087402344,-15.461631774902344,-3.0939903259277344
3.0,3.0,173.34083557128906,0.40275704860687256,-5.400075435638428,173.46974182128906,0.08075631409883499,-0.20189611613750458
-1.0,3.0,173.46974182128906,0.08075631409883499,-0.20189611613750458,173.5283660888672,0.15373048186302185,-0.38567090034484863
-1.0,3.0,173.5283660888672,0.15373048186302185,-0.38567090034484863,173.80667114257812,0.5566049218177795,-3.588090419769287
-1.0,3.0,173.80667114257812,0.5566049218177795,-3.588090419769287,174.23513793945312,1.2431222200393677,1.2846945524215698
-1.0,3.5,173.95118713378906,15.136714935302734,-18.067045211791992,177.44094848632812,10.14753532409668,-14.382497787475586
5.5,-1.0,174.06539916992188,-2.726795196533203,-8.563882827758789,172.3817901611328,-4.889875411987305,-3.1575536727905273
-1.0,3.0,174.23513793945312,1.2431222200393677,1.2846945524215698,174.54110717773438,0.9179688692092896,-2.2935562133789062
-1.0,6.5,174.35011291503906,19.19327163696289,-6.2350873947143555,179.60264587402344,9.35768985748291,-23.395586013793945
5.5,-1.0,174.54110717773438,0.9179688692092896,-2.2935562133789062,174.6270751953125,-0.6155665516853333,-9.448115348815918
5.5,-1.0,174.6270751953125,-0.6155665516853333,-9.448115348815918,174.06539916992188,-2.726795196533203,-8.563882827758789
8.5,-1.0,176.0144500732422,-11.99402904510498,-9.567143440246582,170.59271240234375,-14.260244369506836,-6.097523212432861
9.0,-1.0,177.1874237060547,-11.4110689163208,-6.632036209106445,173.15582275390625,-14.075990676879883,-6.559510707855225
-1.0,3.5,177.44094848632812,10.14753532409668,-14.382497787475586,180.3731689453125,5.893102169036865,-8.140262603759766
8.5,-1.0,179.32371520996094,-9.061199188232422,-8.110807418823242,176.0144500732422,-11.99402904510498,-9.567143440246582
-1.0,4.5,179.60264587402344,9.35768985748291,-23.395586013793945,181.8070831298828,4.066329479217529,-5.771285533905029
-1.0,3.5,180.3731689453125,5.893102169036865,-8.140262603759766,181.66397094726562,2.2267303466796875,-7.767504692077637
9.0,-1.0,181.21218872070312,-6.53141450881958,-18.82845115661621,177.1874237060547,-11.4110689163208,-6.632036209106445
-1.0,3.5,181.66397094726562,2.2267303466796875,-7.767504692077637,182.11270141601562,1.104825735092163,-4.962047100067139
-1.0,4.5,181.8070831298828,4.066329479217529,-5.771285533905029,182.55795288085938,1.9695085287094116,-4.922410488128662
-1.0,3.5,182.11270141601562,1.104825735092163,-4.962047100067139,182.36239624023438,0.4807748794555664,-1.2012594938278198
8.5,-1.0,182.32054138183594,-5.127401828765869,-20.13983726501465,179.32371520996094,-9.061199188232422,-8.110807418823242
-1.0,3.5,182.36239624023438,0.4807748794555664,-1.2012594938278198,182.49620056152344,0.14622367918491364,-0.3655645251274109
-1.0,3.5,182.49620056152344,0.14622367918491364,-0.3655645251274109,182.5352783203125,-0.1713331639766693,-6.1662092208862305
-1.0,3.5,182.5352783203125,-0.1713331639766693,-6.1662092208862305,182.5732879638672,0.173211470246315,1.7656038999557495
9.0,-1.0,182.64761352539062,-1.33090078830719,-12.05500602722168,181.21218872070312,-6.53141450881958,-18.82845115661621
-1.0,3.5,182.5732879638672,0.173211470246315,1.7656038999557495,182.5874481201172,0.13794207572937012,-2.5434985160827637
-1.0,9.5,182.56932067871094,-0.03658206760883331,-2.107177495956421,182.7371826171875,1.0820001363754272,6.086125373840332
-1.0,4.5,182.55795288085938,1.9695085287094116,-4.922410488128662,183.02078247070312,0.8122162222862244,-2.031895875930786
-1.0,5.5,182.7371826171875,1.0820001363754272,6.086125373840332,182.9976043701172,0.8704414367675781,0.02115224301815033
9.0,-1.0,182.7516326904297,-0.2727273106575012,-3.7134029865264893,182.64761352539062,-1.33090078830719,-12.05500602722168
-1.0,4.0,182.8043670654297,-0.40447312593460083,3.2077770233154297,182.757080078125,-0.06632327288389206,0.16648586094379425
-1.0,5.5,182.9976043701172,0.8704414367675781,0.02115224301815033,183.07540893554688,0.016770249232649803,-2.238509178161621
-1.0,4.5,183.02078247070312,0.8122162222862244,-2.031895875930786,183.16847229003906,0.003739528590813279,-4.402504920959473
-1.0,5.5,183.07540893554688,0.016770249232649803,-2.238509178161621,183.18679809570312,0.177446186542511,-0.4449654817581177
-1.0,4.0,183.1816864013672,-0.6884702444076538,-4.870607852935791,182.8043670654297,-0.40447312593460083,3.2077770233154297
-1.0,4.5,183.16847229003906,0.003739528590813279,-4.402504920959473,183.2233428955078,0.08629730343818665,-0.215748593211174
-1.0,4.5,183.2233428955078,0.08629730343818665,-0.215748593211174,183.2978515625,0.11963289976119995,-0.3004429340362549
8.5,-1.0,183.33604431152344,-0.8546338081359863,-6.6531805992126465,182.32054138183594,-5.127401828765869,-20.13983726501465
3.0,-1.0,183.25192260742188,0.23453162610530853,3.8061656951904297,183.1816864013672,-0.6884702444076538,-4.870607852935791
-1.0,4.5,183.2978515625,0.11963289976119995,-0.3004429340362549,183.30503845214844,-0.3376440107822418,-5.745640277862549
-1.0,10.0,183.344970703125,0.0018164034700021148,-2.2011139392852783,183.37088012695312,0.1569918990135193,-2.587019443511963
8.5,-1.0,183.44424438476562,-0.026501134037971497,-2.129652976989746,183.33604431152344,-0.8546338081359863,-6.6531805992126465
-1.0,3.0,183.37088012695312,0.1569918990135193,-2.587019443511963,183.4268035888672,0.016983691602945328,-2.2397470474243164
